Sno,Symbol,CompanyName,Cur_Price,Price_Change,Price_Percentage_chg,Master_Score,EPS_Rating,RS_Rating,AD_Rating,Group_Rank,Industry_Group
"1","HFCL","HFCL","209.61","9.98","5.00","66","50","98","A+","1","Computer-Networking     ",
"2","CPPLUS","Aditya Infotech Ltd","3637.80","124.10","3.53","80","91","98","A+","177","Computer-Tech Services  ",
"3","SYRMA","Syrma Sgs Technology","1334.00","-12.80","-0.95","75","90","96","A+","5","Elec-Misc Products      ",
"4","ACUTAAS","Acutaas Chemicals Ltd","3246.20","109.90","3.50","84","91","96","A-","44","Chemicals-Specialty     ",
"5","CEMPRO","Cemindia Projects Limited","1252.00","59.60","5.00","75","97","96","A+","91","Bldg-Heavy Construction ",
"6","NETWEB","Netweb Technologies India Ltd","5060.90","-18.70","-0.37","84","98","95","A+","6","Computer Sftwr-Database ",
"7","GVT&D","GE Vernova T&D India Ltd","5533.50","283.50","5.40","86","97","95","A-","11","Electrical-Power/Equipmt",
"8","POWERINDIA","Hitachi Energy India","36880.00","580.00","1.60","86","94","95","B-","11","Electrical-Power/Equipmt",
"9","APARINDS","Apar Industries (Nse)","16280.00","468.00","2.96","71","80","95","A+","11","Electrical-Power/Equipmt",
"10","KIRLOSENG","Kirloskar Oil Engines","1991.50","8.00","0.40","73","88","95","A","18","Machinery-Gen Industrial",
"11","RRKABEL","R R Kabel Ltd","2321.10","24.90","1.08","77","87","94","A+","11","Electrical-Power/Equipmt",
"12","ADANIPOWER","Adani Power (Nse)","231.76","1.19","0.52","79","85","94","A+","23","Utility-Electric Power  ",
"13","WELCORP","Welspun (Nse)","1423.40","26.00","1.86","67","48","94","A","33","Steel-Producers         ",
"14","DATAPATTNS","Data Patterns (India)","4822.10","20.00","0.42","66","88","94","B+","63","Aerospace/Defense       ",
"15","IDEA","Vodafone Idea","14.92","-0.09","-0.60","57","50","94","A","123","Telecom Svcs-Wireless   ",
"16","ATHERENERG","Ather Energy Ltd","971.70","2.65","0.27","72","38","94","B+","138","Auto Manufacturers      ",
"17","SCHNEIDER","Schneider Electric Infr.","1331.40","30.40","2.34","68","57","93","A-","11","Electrical-Power/Equipmt",
"18","BHEL","Bharat Heavy Electricals Ltd","414.35","8.45","2.08","86","62","93","A+","18","Machinery-Gen Industrial",
"19","ADANIGREEN","Adani Green Energy","1502.40","-4.40","-0.29","64","61","93","A+","21","Energy-Alternative/Other",
"20","ADANIENSOL","Adani Energy Solutions Ltd","1507.40","-15.90","-1.04","84","85","93","A-","23","Utility-Electric Power  ",
"21","IFCI","Ifci (Nse)","85.73","3.42","4.16","51","16","93","A","47","Financial Svcs-Specialty",
"22","BELRISE","Belrise Industries Ltd","241.09","1.85","0.77","67","46","93","A-","49","Auto/Truck-Original Eqp ",
"23","LAURUSLABS","Laurus Labs","1412.90","44.10","3.22","71","48","93","B+","67","Medical-Diversified     ",
"24","EMMVEE","Emmvee Photovoltaic Power Ltd","332.10","-1.60","-0.48","71","73","92","A+","11","Electrical-Power/Equipmt",
"25","CRAFTSMAN","Craftsman Automation","9806.50","306.50","3.23","86","90","92","A-","19","Machinery-Mtl Hdlg/Autmn",
"26","BSE","Bse","4020.20","5.70","0.14","83","98","92","B-","47","Financial Svcs-Specialty",
"27","MAHABANK","Bank Of Maharashtra","90.19","0.69","0.77","66","93","92","A+","121","Banks-Money Center      ",
"28","J&KBANK","Jammu & Kashmir Bank","163.56","0.66","0.41","67","85","92","A+","121","Banks-Money Center      ",
"29","THERMAX","Thermax","4702.40","6.10","0.13","69","88","91","A","18","Machinery-Gen Industrial",
"30","CARBORUNIV","Carborundum Universal","1241.70","49.50","4.15","61","38","91","A+","18","Machinery-Gen Industrial",
"31","VEDL","Vedanta","300.80","-5.20","-1.70","76","66","91","A-","24","Mining-Metal Ores       ",
"32","HSCL","Himadri Speciality Chemical","671.05","-19.25","-2.79","67","92","91","B+","44","Chemicals-Specialty     ",
"33","WOCKPHARMA","Wockhardt","2011.10","21.90","1.10","71","68","91","A-","60","Medical-Generic Drugs   ",
"34","POLYCAB","Polycab India","10083.00","130.50","1.31","83","90","90","B+","11","Electrical-Power/Equipmt",
"35","HINDCOPPER","Hindustan Copper (Nse)","511.15","1.45","0.28","78","94","90","A-","24","Mining-Metal Ores       ",
"36","NATIONALUM","National Aluminium (Nse)","376.00","8.25","2.24","62","53","90","C","29","Metal Proc & Fabrication",
"37","AEGISLOG","Aegis Logistics","1007.80","0.90","0.09","74","90","90","A+","31","Oil&Gas-Transprt/Pipelne",
"38","ANGELONE","Angel One","353.70","0.90","0.26","76","75","90","A+","68","Finance-Investment Mgmt ",
"39","HONASA","Honasa Consumer Ltd","417.40","10.90","2.68","70","68","90","A-","118","Cosmetics/Personal Care ",
"40","ADANIENT","Adani Enterprises (Nse)","3038.40","25.00","0.83","63","83","89","A+","5","Elec-Misc Products      ",
"41","CUMMINSIND","Cummins India (Nse)","5865.00","7.00","0.12","73","79","89","B","17","Trucks & Parts-Hvy Duty ",
"42","VIJAYA","Vijaya Diagnostic Centre","1364.20","58.60","4.49","74","80","89","A+","27","Medical-Services        ",
"43","MCX","Multi Cmod.Ex.Of India","2803.80","-13.40","-0.48","76","94","89","D+","47","Financial Svcs-Specialty",
"44","GRANULES","Granules India","786.90","4.80","0.61","71","69","89","A","67","Medical-Diversified     ",
"45","NAM-INDIA","Nippon Life India Asset Management","1186.90","19.50","1.67","71","84","89","A","68","Finance-Investment Mgmt ",
"46","ABSLAMC","Aditya Birla Sun Life Amc","1180.60","13.50","1.16","64","61","89","A+","68","Finance-Investment Mgmt ",
"47","KEI","Kei Industries","5631.00","0.50","0.01","74","87","88","B","11","Electrical-Power/Equipmt",
"48","CGPOWER","CG Power and Industrial Solutions","963.70","9.25","0.97","75","65","88","A-","11","Electrical-Power/Equipmt",
"49","BHARATFORG","Bharat Forge","2041.40","21.50","1.06","69","55","88","A-","33","Steel-Producers         ",
"50","SCI","Shipping Corp.Of India","312.15","2.90","0.94","71","91","88","A","41","Transportation-Ship     ",
"51","NAVINFLUOR","Navin Fluorine Intl.","7493.50","190.00","2.60","81","88","88","A+","44","Chemicals-Specialty     ",
"52","AIAENG","Aia Engineering","4687.00","154.10","3.40","72","80","88","A-","50","Steel-Specialty Alloys  ",
"53","VTL","Vardhman Textiles","657.45","-3.95","-0.60","64","28","88","A+","71","Apparel-Clothing Mfg    ",
"54","PIRAMALFIN","Piramal Finance Ltd","2153.10","154.70","7.74","60","81","88","A-","111","Finance-Consumer Loans  ",
"55","FINCABLES","Finolex Cables","1164.30","5.70","0.49","66","66","87","A-","11","Electrical-Power/Equipmt",
"56","LLOYDSME","Lloyds Metals & Energy","1766.20","10.00","0.57","79","98","87","A+","33","Steel-Producers         ",
"57","DEEPAKFERT","Deepak Fert.& Petrochem.","1563.30","37.60","2.46","56","27","87","A","44","Chemicals-Specialty     ",
"58","GABRIEL","Gabriel India","1197.40","55.50","4.86","64","76","87","A","49","Auto/Truck-Original Eqp ",
"59","ANANDRATHI","Anand Rathi Wealth","1867.50","62.20","3.45","71","92","87","A-","68","Finance-Investment Mgmt ",
"60","NUVAMA","Nuvama Wealth Management Ltd","1739.60","19.20","1.12","67","82","87","B","68","Finance-Investment Mgmt ",
"61","GROWW","Billionbrains Garage Ventures Ltd","199.87","-0.67","-0.33","63","40","87","B+","68","Finance-Investment Mgmt ",
"62","ABDL","Allied Blenders And Distillers Ltd","631.25","-1.55","-0.24","61","28","87","A","117","Beverages-Alcoholic     ",
"63","RBLBANK","RBL Bank","378.85","9.60","2.60","75","83","87","A+","121","Banks-Money Center      ",
"64","FEDERALBNK","Federal Bank","323.95","3.50","1.09","66","77","87","B-","121","Banks-Money Center      ",
"65","TRITURBINE","Triveni Turbine","672.30","-1.85","-0.27","60","60","86","A+","5","Elec-Misc Products      ",
"66","ENRIN","Siemens Energy India Ltd","3833.90","50.50","1.33","76","26","86","A+","21","Energy-Alternative/Other",
"67","JINDALSAW","Jindal Saw (Nse)","260.88","-3.18","-1.20","57","47","86","A-","33","Steel-Producers         ",
"68","SOLARINDS","Solar Industries Ida.","18052.00","288.00","1.62","81","94","86","A-","44","Chemicals-Specialty     ",
"69","SAILIFE","Sai Life Sciences Ltd","1216.40","9.60","0.80","72","93","86","A-","46","Medical-Biomed/Biotech  ",
"70","MOTHERSON","Samvardhana Motherson International","145.54","0.86","0.59","70","68","86","A-","49","Auto/Truck-Original Eqp ",
"71","ASTERDM","Aster Dm Healthcare","809.40","20.90","2.65","73","61","86","A","56","Medical-Hospitals       ",
"72","ACMESOLAR","Acme Solar Holdings Ltd","337.65","5.75","1.73","68","68","86","A","58","Energy-Solar            ",
"73","CAPLIPOINT","Caplin Point Labs.","2503.50","144.10","6.11","70","83","86","A+","60","Medical-Generic Drugs   ",
"74","ZENTEC","Zen Technologies","1997.00","67.60","3.50","58","74","86","A+","63","Aerospace/Defense       ",
"75","WELSPUNLIV","Welspun Living Ltd","162.23","-0.77","-0.47","53","18","86","B+","71","Apparel-Clothing Mfg    ",
"76","RADICO","Radico Khaitan (Nse)","3769.20","79.20","2.15","75","86","86","A+","117","Beverages-Alcoholic     ",
"77","SAIL","Steel Auth.Of Ida. (Nse)","180.05","-2.11","-1.16","73","56","85","B","33","Steel-Producers         ",
"78","NEULANDLAB","Neuland Laboratories","17345.00","125.00","0.73","76","85","85","B","67","Medical-Diversified     ",
"79","ADANIPORTS","Adani Ports and Special Economic Zone","1835.30","-6.80","-0.37","67","78","85","A-","82","Real Estate Dvlpmt/Ops  ",
"80","NYKAA","Fsn E-Commerce Ventures","302.30","4.20","1.41","78","90","85","A-","118","Cosmetics/Personal Care ",
"81","CHENNPETRO","Chennai Petroleum (Nse)","1097.80","-21.60","-1.93","67","76","85","B+","129","Oil&Gas-Refining/Mktg   ",
"82","CARTRADE","Cartrade Tech","2558.60","-26.40","-1.02","65","93","85","A","154","Retail-Internet         ",
"83","NLCINDIA","NLC India","321.70","-2.05","-0.63","71","87","84","B+","23","Utility-Electric Power  ",
"84","HINDALCO","Hindalco Industries","1010.00","1.50","0.15","61","38","84","B-","29","Metal Proc & Fabrication",
"85","STARHEALTH","Star Health And Allied Insurance Company","580.25","14.60","2.58","77","71","84","A","32","Insurance-Acc & Health  ",
"86","GALLANTT","Gallantt Ispat","713.35","-25.45","-3.44","59","38","84","A-","33","Steel-Producers         ",
"87","GLAND","Gland Pharma","2199.00","-3.20","-0.15","78","70","84","B","60","Medical-Generic Drugs   ",
"88","ICICIAMC","Icici Prudential Amc","3429.00","-2.70","-0.08","57","45","84","B+","68","Finance-Investment Mgmt ",
"89","SAMMAANCAP","Sammaan Capital Ltd","174.60","0.20","0.11","53","13","84","A+","111","Finance-Consumer Loans  ",
"90","YESBANK","Yes Bank","25.41","-0.07","-0.27","48","90","84","A","121","Banks-Money Center      ",
"91","BANDHANBNK","Bandhan Bank","208.09","-6.19","-2.89","64","52","84","A+","121","Banks-Money Center      ",
"92","NIACL","The New India Assurance Co","202.31","23.64","13.23","66","66","84","A+","130","Insurance-Brokers       ",
"93","ELGIEQUIP","Elgi Equipments (Nse)","612.75","10.75","1.79","65","83","83","A+","18","Machinery-Gen Industrial",
"94","EMCURE","Emcure Pharmaceuticals Ltd","1776.00","22.80","1.30","72","89","83","C-","28","Medical-Supplies        ",
"95","SONACOMS","Sona Blw Precision Forgings","613.80","8.75","1.45","62","74","83","A-","49","Auto/Truck-Original Eqp ",
"96","TATACOMM","Tata Communications(Nse)","1988.80","46.80","2.41","62","42","83","A","64","Telecom Svcs-Integrated ",
"97","CGCL","Capri Global Capital","220.96","0.15","0.07","64","90","83","A+","111","Finance-Consumer Loans  ",
"98","SHRIRAMFIN","Shriram Finance","1001.90","-0.80","-0.08","64","83","83","B-","111","Finance-Consumer Loans  ",
"99","OLECTRA","Olectra Greentech","1520.30","73.70","5.09","65","92","83","A+","138","Auto Manufacturers      ",
"100","OLAELEC","Ola Electric Mobility Ltd","42.25","-0.02","-0.05","37","34","83","A","138","Auto Manufacturers      ",
"101","TEJASNET","Tejas Networks","632.35","32.20","5.37","55","2","82","A+","1","Computer-Networking     ",
"102","ABB","ABB India","7248.00","19.00","0.26","70","93","82","B","11","Electrical-Power/Equipmt",
"103","AUROPHARMA","Aurobindo Pharma","1497.80","54.10","3.75","67","42","82","B","60","Medical-Generic Drugs   ",
"104","OFSS","Oracle Finl.Svs.Sftw.","9638.50","239.00","2.54","63","73","82","A+","66","Computer Sftwr-Desktop  ",
"105","ABCAPITAL","Aditya Birla Capital","375.90","5.30","1.43","67","78","82","A","130","Insurance-Brokers       ",
"106","GESHIP","Great Eastern Shipping","1437.70","25.60","1.81","74","92","81","B-","31","Oil&Gas-Transprt/Pipelne",
"107","MINDACORP","Minda Corporation","652.95","2.05","0.31","79","89","81","A+","49","Auto/Truck-Original Eqp ",
"108","ATGL","Adani Total Gas","727.30","2.95","0.41","53","59","81","A-","59","Utility-Gas Distribution",
"109","KPIL","Kalpataru Projects Intl Ltd","1398.70","30.80","2.25","76","65","81","A+","91","Bldg-Heavy Construction ",
"110","TITAGARH","Titagarh Rail Systems Ltd","922.45","-10.15","-1.09","56","65","81","A+","95","Machinery-Constr/Mining ",
"111","ZEEL","Zee Entertainment Ents.","113.36","1.58","1.41","46","13","81","A-","108","Media-Radio/Tv          ",
"112","KARURVYSYA","Karur Vysya Bank","291.75","-5.00","-1.68","62","93","81","B-","121","Banks-Money Center      ",
"113","MOTILALOFS","Motilal Oswal Finl.Svs.","953.45","5.30","0.56","48","34","81","A+","134","Finance-Invest Bnk/Bkrs ",
"114","ENGINERSIN","Engineers India (Nse)","250.74","-2.41","-0.95","57","83","81","A+","144","Comml Svcs-Outsourcing  ",
"115","MMTC","M M T C (Nse)","74.55","-0.40","-0.53","58","72","80","A+","24","Mining-Metal Ores       ",
"116","USHAMART","Usha Martin (Nse)","476.05","-14.75","-3.01","79","82","80","B-","33","Steel-Producers         ",
"117","KIMS","Krishna Institute Of Medical Sciences","804.25","14.50","1.84","54","32","80","B+","56","Medical-Hospitals       ",
"118","VBL","Varun Beverages Ltd","529.50","-2.05","-0.39","63","89","80","B+","65","Beverages-Non-Alcoholic ",
"119","KPRMILL","Kpr Mill","1159.75","-26.65","-2.25","74","88","80","A-","71","Apparel-Clothing Mfg    ",
"120","AUBANK","Au Small Finance Bank","1033.05","7.70","0.75","73","85","80","B","121","Banks-Money Center      ",
"121","THELEELA","Leela Palaces Hotels & Resorts Limited","494.20","36.60","8.00","71","81","80","B","126","Leisure-Lodging         ",
"122","BOSCHLTD","Bosch","40195.00","160.00","0.40","67","76","79","A+","49","Auto/Truck-Original Eqp ",
"123","GMRAIRPORT","GMR Airports Limited","108.83","-1.72","-1.56","75","34","79","B+","91","Bldg-Heavy Construction ",
"124","CCL","Ccl Products (India)","1137.30","4.90","0.43","65","79","79","C-","102","Food-Packaged           ",
"125","NSLNISP","Nmdc Steel Limited","46.88","-0.23","-0.49","61","52","78","B","24","Mining-Metal Ores       ",
"126","GMDCLTD","Gujarat Mrl.Dev.Corp.","612.90","-6.15","-0.99","54","51","78","B+","39","Energy-Coal             ",
"127","JBMA","Jbm Auto","727.30","20.80","2.94","53","68","78","A+","49","Auto/Truck-Original Eqp ",
"128","TIINDIA","Tube Investments Of India Ltd","3285.60","29.10","0.89","66","58","78","B-","49","Auto/Truck-Original Eqp ",
"129","SAREGAMA","Saregama India","465.90","9.75","2.14","53","58","78","A","72","Leisure-Movies & Related",
"130","TATATECH","Tata Technologies Ltd","742.25","-11.45","-1.52","54","20","78","A+","81","Comml Svcs-Consulting   ",
"131","SUZLON","Suzlon Energy (Nse)","59.20","0.76","1.30","58","41","77","A+","21","Energy-Alternative/Other",
"132","NMDC","Nmdc","88.42","-0.11","-0.12","69","43","77","B","24","Mining-Metal Ores       ",
"133","SHYAMMETL","Shyam Metalics And Energy","970.30","-4.80","-0.49","70","50","77","A","33","Steel-Producers         ",
"134","TIMKEN","Timken India","3689.40","115.50","3.23","55","47","77","A","36","Machinery-Tools & Rel   ",
"135","AARTIIND","Aarti Industries (Nse)","484.50","-1.95","-0.40","68","61","77","B+","44","Chemicals-Specialty     ",
"136","SIEMENS","Siemens","3759.60","13.40","0.36","60","26","77","B+","57","Diversified Operations  ",
"137","TORNTPHARM","Torrent Pharmaceuticals","4429.80","-15.70","-0.35","65","61","77","D-","60","Medical-Generic Drugs   ",
"138","NESTLEIND","Nestle India","1414.80","14.40","1.03","68","80","77","B+","73","Food-Misc Preparation   ",
"139","ZYDUSWELL","Zydus Wellness","512.35","7.70","1.53","59","30","77","B","73","Food-Misc Preparation   ",
"140","TRAVELFOOD","Travel Food Services Ltd","1354.00","21.20","1.59","65","86","77","B+","104","Leisure-Services        ",
"141","CREDITACC","Creditaccess Grameen Ltd","1406.40","-13.20","-0.93","68","88","77","A-","111","Finance-Consumer Loans  ",
"142","MANAPPURAM","Manappuram Finance","318.65","-2.70","-0.84","70","45","77","B","111","Finance-Consumer Loans  ",
"143","INDUSINDBK","Indusind Bank (Nse)","947.45","8.70","0.93","65","31","77","B","121","Banks-Money Center      ",
"144","HBLENGINE","HBL Engineering Ltd","815.50","11.10","1.38","69","96","75","A","11","Electrical-Power/Equipmt",
"145","JSWSTEEL","Jsw Steel","1287.70","-6.20","-0.48","76","75","75","B-","33","Steel-Producers         ",
"146","APOLLOHOSP","Apollo Hosps.Enterprise","8489.50","78.00","0.93","69","83","75","B+","56","Medical-Hospitals       ",
"147","RAINBOW","Rainbow Children's Medicare","1470.80","20.80","1.43","62","80","75","A-","56","Medical-Hospitals       ",
"148","PREMIERENE","Premier Energies Ltd","1079.60","21.90","2.07","70","94","75","A+","58","Energy-Solar            ",
"149","GRASIM","Grasim Industries","3149.50","4.40","0.14","63","53","75","B-","62","Bldg-Constr Prds/Misc   ",
"150","JBCHEPHARM","J B Chemicals & Phar Ltd","2193.50","-5.00","-0.23","63","57","75","C+","67","Medical-Diversified     ",
"151","TITAN","Titan Company","4419.90","32.00","0.73","68","87","75","B+","77","Retail/Whlsle-Jewelry   ",
"152","PHOENIXLTD","Phoenix Mills","1881.10","27.40","1.48","72","87","75","B+","82","Real Estate Dvlpmt/Ops  ",
"153","LT","Larsen & Toubro","4209.40","19.40","0.46","66","74","75","B+","91","Bldg-Heavy Construction ",
"154","LTF","L&T Finance Ltd","286.50","-0.40","-0.14","66","84","75","B","111","Finance-Consumer Loans  ",
"155","HONAUT","Hnywell.Atmtn.Ida. (Nse)","37460.00","290.00","0.78","66","56","74","A-","5","Elec-Misc Products      ",
"156","LALPATHLAB","Dr Lal Pathlabs","1635.80","-27.10","-1.63","66","49","74","A","27","Medical-Services        ",
"157","NIVABUPA","Niva Bupa Health Insurance Company Ltd","86.87","-0.22","-0.25","69","37","74","A-","32","Insurance-Acc & Health  ",
"158","TENNIND","Tenneco Clean Air India Ltd","584.95","15.30","2.69","56","31","74","B+","49","Auto/Truck-Original Eqp ",
"159","ASIANPAINT","Asian Paints","2732.90","-22.10","-0.80","62","67","74","A-","94","Chemicals-Paints        ",
"160","BERGEPAINT","Berger Paints India","550.70","45.65","9.04","52","65","74","A-","94","Chemicals-Paints        ",
"161","INDIANB","Indian Bank","870.10","-5.60","-0.64","62","77","74","B-","121","Banks-Money Center      ",
"162","EICHERMOT","Eicher Motors","7611.00","10.00","0.13","62","85","74","B-","138","Auto Manufacturers      ",
"163","TBOTEK","Tbo Tek Ltd","1489.80","24.60","1.68","57","76","74","B+","149","Leisure-Travel Booking  ",
"164","HINDZINC","Hindustan Zinc (Nse)","563.55","-7.90","-1.38","74","79","73","B","24","Mining-Metal Ores       ",
"165","PTCIL","Ptc Industries","18333.00","913.00","5.24","77","96","73","B","33","Steel-Producers         ",
"166","GPIL","Godawari Power & Ispat","269.10","-1.45","-0.54","65","55","73","B-","33","Steel-Producers         ",
"167","ZFCVINDIA","ZF Commercial Vehicle Control Systems","15795.00","214.00","1.37","63","83","73","A-","49","Auto/Truck-Original Eqp ",
"168","LINDEINDIA","Linde India","7460.50","185.00","2.54","53","53","73","A","55","Chemicals-Basic         ",
"169","FORTIS","Fortis Healthcare (Nse)","962.95","4.20","0.44","61","76","73","B-","56","Medical-Hospitals       ",
"170","ZYDUSLIFE","Zydus Lifesciences","1070.80","-3.60","-0.34","59","74","73","B+","60","Medical-Generic Drugs   ",
"171","KAJARIACER","Kajaria Ceramics","1170.40","6.30","0.54","69","78","73","B","62","Bldg-Constr Prds/Misc   ",
"172","PNBHOUSING","Pnb Housing Finance","1003.00","-0.90","-0.09","60","76","73","A","111","Finance-Consumer Loans  ",
"173","AMBER","Amber Enterprises India","7889.00","-76.50","-0.96","62","48","73","B+","120","Hsehold-Appliances/Wares",
"174","CUB","City Union Bank (Nse)","196.65","-1.70","-0.86","57","79","73","B","121","Banks-Money Center      ",
"175","JSWENERGY","Jsw Energy","570.10","-5.45","-0.95","63","73","72","B","23","Utility-Electric Power  ",
"176","TATASTEEL","Tata Steel","198.96","-1.56","-0.78","81","73","72","E","33","Steel-Producers         ",
"177","TRENT","Trent","3205.80","26.10","0.82","59","88","72","A","45","Retail-Department Stores",
"178","ANTHEM","Anthem Biosciences Ltd","791.05","-7.05","-0.88","72","77","72","A-","46","Medical-Biomed/Biotech  ",
"179","MEDANTA","Global Health","1265.80","7.60","0.60","58","79","72","A","56","Medical-Hospitals       ",
"180","AJANTPHARM","Ajanta Pharma","3065.20","-8.40","-0.27","62","73","72","B+","60","Medical-Generic Drugs   ",
"181","CAMS","Computer Age Management Services","823.15","-9.65","-1.16","59","68","72","A+","68","Finance-Investment Mgmt ",
"182","TATACAP","Tata Capital Ltd","366.80","21.35","6.18","58","82","72","A+","84","Finance-Commercial Loans",
"183","AXISBANK","Axis Bank","1357.90","-2.20","-0.16","57","67","72","C+","121","Banks-Money Center      ",
"184","IDFCFIRSTB","Idfc First Bank","78.68","0.59","0.76","52","44","72","B+","121","Banks-Money Center      ",
"185","BAJAJ-AUTO","Bajaj Auto","10066.00","-11.00","-0.11","65","86","72","B+","138","Auto Manufacturers      ",
"186","ELECON","Elecon Engineering","539.05","4.05","0.76","56","50","71","A","18","Machinery-Gen Industrial",
"187","FLUOROCHEM","Gujarat Fluorochemicals","3839.90","2.40","0.06","53","22","71","B+","44","Chemicals-Specialty     ",
"188","GRSE","Garden Reach Shipbldrs & Engs","2798.30","-27.00","-0.96","55","91","71","A-","69","Transportation-Equip Mfg",
"189","LENSKART","Lenskart Solutions Ltd","511.95","6.90","1.37","69","68","71","A","85","Retail-Specialty        ",
"190","IKS","Inventurus Knowledge Solutions Ltd","1675.20","1.80","0.11","63","92","71","B","89","Comml Svcs-Healthcare   ",
"191","NBCC","Nbcc (India)","111.45","1.30","1.18","60","88","71","A+","91","Bldg-Heavy Construction ",
"192","MARICO","Marico","817.05","-3.70","-0.45","59","69","71","B","118","Cosmetics/Personal Care ",
"193","UNIONBANK","Union Bank Of India","175.76","-0.36","-0.20","57","84","71","B-","121","Banks-Money Center      ",
"194","CANHLIFE","Canara Hsbc Life Ins Comp Ltd","141.38","-0.37","-0.26","45","25","71","B","158","Insurance-Life          ",
"195","GRAPHITE","Graphite India (Nse)","639.55","-9.50","-1.46","56","35","70","B","11","Electrical-Power/Equipmt",
"196","AEGISVOPAK","Aegis Vopak Terminals Ltd","238.35","-4.75","-1.95","74","96","70","A","31","Oil&Gas-Transprt/Pipelne",
"197","RKFORGE","Ramkrishna Forgings","588.70","-0.50","-0.08","52","29","70","A","33","Steel-Producers         ",
"198","PIDILITIND","Pidilite Industries(Nse)","1579.90","-1.20","-0.08","63","80","70","A","44","Chemicals-Specialty     ",
"199","BIOCON","Biocon (Nse)","415.50","1.65","0.40","62","45","70","A-","46","Medical-Biomed/Biotech  ",
"200","GODREJIND","Godrej Industries","1112.40","1.20","0.11","65","67","70","A-","57","Diversified Operations  ",
"201","GLENMARK","Glenmark Pharms. (Nse)","2213.60","59.60","2.77","76","62","70","D-","60","Medical-Generic Drugs   ",
"202","DELHIVERY","Delhivery","461.10","1.90","0.41","66","35","70","B+","75","Transportation-Logistics",
"203","FIVESTAR","Five Star Business Finance","519.45","0.60","0.12","57","71","70","A","84","Finance-Commercial Loans",
"204","CHOLAFIN","Cholamandalam Inv.& Fin.","1693.40","4.50","0.27","64","87","70","B+","111","Finance-Consumer Loans  ",
"205","JSWINFRA","Jsw Infrastructure Ltd","308.15","0.20","0.06","62","76","69","A-","41","Transportation-Ship     ",
"206","MANKIND","Mankind Pharma Ltd","2414.20","8.20","0.34","59","70","69","B+","48","Medical-Products        ",
"207","EXIDEIND","Exide Industries (Nse)","380.75","-4.10","-1.07","59","41","69","A-","49","Auto/Truck-Original Eqp ",
"208","LUPIN","Lupin (Nse)","2351.60","24.50","1.05","76","97","69","B-","60","Medical-Generic Drugs   ",
"209","REDINGTON","Redington","280.76","8.81","3.24","57","50","69","A+","80","Computer-Hardware/Perip ",
"210","IIFL","Iifl Finance","532.60","3.40","0.64","63","78","69","A","111","Finance-Consumer Loans  ",
"211","BANKINDIA","Bank Of India","146.57","-1.10","-0.74","56","84","69","C+","121","Banks-Money Center      ",
"212","SBIN","State Bank Of India","1035.10","-7.60","-0.73","55","73","69","C-","121","Banks-Money Center      ",
"213","AADHARHFC","Aadhar Housing Finance Ltd","515.10","28.65","5.89","64","85","69","B","125","Finance-Mrtg&Rel Svc    ",
"214","GRAVITA","Gravita India","1721.60","-4.80","-0.28","63","79","68","B","24","Mining-Metal Ores       ",
"215","PFC","Power Finance","431.00","1.70","0.40","60","74","68","B","47","Financial Svcs-Specialty",
"216","IPCALAB","Ipca Laboratories","1585.80","42.20","2.73","72","84","68","A-","60","Medical-Generic Drugs   ",
"217","TMCV","Tata Motors Ltd","402.10","-4.95","-1.22","35","4","68","B","138","Auto Manufacturers      ",
"218","COALINDIA","Coal India (Nse)","451.30","-0.70","-0.15","57","61","66","B","39","Energy-Coal             ",
"219","JINDALSTEL","Jindal Steel Ltd","1137.70","5.80","0.51","64","41","66","D+","50","Steel-Specialty Alloys  ",
"220","PAGEIND","Page Industries","39975.00","-205.00","-0.51","57","57","66","A-","71","Apparel-Clothing Mfg    ",
"221","CANFINHOME","Canfin Homes","885.35","1.65","0.19","68","87","66","B+","111","Finance-Consumer Loans  ",
"222","AAVAS","Aavas Financiers","1471.90","4.30","0.29","54","78","66","A-","111","Finance-Consumer Loans  ",
"223","SCHAEFFLER","Schaeffler India","4329.90","143.90","3.44","62","83","64","B+","29","Metal Proc & Fabrication",
"224","SPLPETRO","Supreme Petrochem","750.25","28.55","3.96","60","43","64","A","44","Chemicals-Specialty     ",
"225","GAIL","Gail (India)","173.90","-2.54","-1.44","50","27","64","C+","59","Utility-Gas Distribution",
"226","SUNPHARMA","Sun Pharm.Industries","1838.30","13.50","0.74","65","83","64","C-","60","Medical-Generic Drugs   ",
"227","DIVISLAB","Divis Laboratories (Nse)","6743.00","-24.00","-0.35","60","45","64","B","60","Medical-Generic Drugs   ",
"228","JSWDULUX","JSW Dulux Ltd","3291.80","60.90","1.88","52","68","64","B+","94","Chemicals-Paints        ",
"229","BALRAMCHIN","Balrampur Chini Mls(Nse)","531.60","-22.55","-4.07","51","49","64","B-","102","Food-Packaged           ",
"230","TORNTPOWER","Torrent Power","1438.40","-10.20","-0.70","54","57","63","C","23","Utility-Electric Power  ",
"231","ANURAS","Anupam Rasayan India","1277.10","-10.20","-0.79","65","47","63","B","44","Chemicals-Specialty     ",
"232","CIEINDIA","CIE Automotive India Ltd","464.00","7.70","1.69","60","81","63","B-","49","Auto/Truck-Original Eqp ",
"233","NH","Narayana Hrudayalaya","1878.70","9.70","0.52","57","68","63","C+","56","Medical-Hospitals       ",
"234","NAVA","Nava","621.55","14.25","2.35","54","46","63","B-","57","Diversified Operations  ",
"235","MGL","Mahanagar Gas","1209.00","-1.70","-0.14","49","42","63","A","59","Utility-Gas Distribution",
"236","HDFCAMC","Hdfc Asset Mgmt","2719.00","-9.20","-0.34","63","72","63","B-","68","Finance-Investment Mgmt ",
"237","DMART","Avenue Supermarts","4286.90","-19.80","-0.46","54","78","63","B+","83","Retail-Super/Mini Mkts  ",
"238","BLUEJET","Blue Jet Healthcare Ltd","512.60","1.70","0.33","47","16","63","A-","98","Medical-Whlsle Drg/Suppl",
"239","ITI","Iti","312.45","1.30","0.42","64","50","63","A+","99","Telecom-Consumer Prods  ",
"240","BAJFINANCE","Bajaj Finance","961.80","2.95","0.31","56","81","63","B-","111","Finance-Consumer Loans  ",
"241","BANKBARODA","Bank Of Baroda","281.05","-1.95","-0.69","56","76","63","B+","121","Banks-Money Center      ",
"242","PETRONET","Petronet L N G (Nse)","288.70","0.45","0.16","55","59","63","B-","129","Oil&Gas-Refining/Mktg   ",
"243","HEG","Heg (Nse)","531.85","-6.80","-1.26","57","37","61","A+","11","Electrical-Power/Equipmt",
"244","JPPOWER","Jaiprakash Pwr. (Nse) Vent.","18.06","-0.10","-0.55","30","7","61","B","21","Energy-Alternative/Other",
"245","NTPC","NTPC Ltd","365.80","3.85","1.06","63","77","61","D+","23","Utility-Electric Power  ",
"246","CESC","CESC","168.90","-1.79","-1.05","60","58","61","A-","23","Utility-Electric Power  ",
"247","INDGN","Indegene Ltd","532.40","13.80","2.66","48","57","61","B","46","Medical-Biomed/Biotech  ",
"248","3MINDIA","3m India (Nse)","33125.00","-125.00","-0.38","61","71","61","B+","57","Diversified Operations  ",
"249","TATAINVEST","Tata Investment Corporation Ltd","690.20","-4.70","-0.68","66","92","61","A+","68","Finance-Investment Mgmt ",
"250","360ONE","360 One Wam","1145.10","3.80","0.33","59","77","61","B+","68","Finance-Investment Mgmt ",
"251","HOMEFIRST","Home First Finance Company India","1153.90","7.80","0.68","56","89","61","B+","111","Finance-Consumer Loans  ",
"252","HUDCO","Housing And Urban Development Corporation","208.65","-2.90","-1.37","63","84","61","A-","111","Finance-Consumer Loans  ",
"253","CANBK","Canara Bank","133.74","-1.23","-0.91","50","84","61","B-","121","Banks-Money Center      ",
"254","INDHOTEL","Indian Hotels","724.75","14.30","2.01","54","89","61","C","126","Leisure-Lodging         ",
"255","SARDAEN","Sarda Energy & Minerals","523.65","4.10","0.79","59","70","59","B-","33","Steel-Producers         ",
"256","ENDURANCE","Endurance Technologies","2622.40","-0.90","-0.03","61","74","59","B+","49","Auto/Truck-Original Eqp ",
"257","BEL","Bharat Electronics","426.90","-1.70","-0.40","62","82","59","B-","63","Aerospace/Defense       ",
"258","IGIL","International Gemological Institute Ltd","355.75","0.05","0.01","63","66","59","B+","81","Comml Svcs-Consulting   ",
"259","OBEROIRLTY","Oberoi Realty","1683.50","-10.70","-0.63","65","83","59","A","82","Real Estate Dvlpmt/Ops  ",
"260","LICI","Life Insurance Corporation","440.15","10.15","2.36","57","88","59","A+","105","Insurance-Diversified   ",
"261","PWL","Physicswallah Ltd","122.61","7.59","6.60","41","29","59","B+","107","Consumer Svcs-Education ",
"262","APTUS","Aptus Value Housing Finance India","269.75","-3.00","-1.10","51","87","59","A-","111","Finance-Consumer Loans  ",
"263","INDIGO","Interglobe Aviation","5021.50","9.70","0.19","41","8","59","A-","115","Transportation-Airline  ",
"264","CHOICEIN","Choice International","726.10","18.55","2.62","54","93","59","A+","134","Finance-Invest Bnk/Bkrs ",
"265","ASHOKLEY","Ashok Leyland","156.66","-1.79","-1.13","53","84","59","B-","138","Auto Manufacturers      ",
"266","MEESHO","Meesho Ltd","173.56","2.84","1.66","47","16","59","A-","139","Retail-Mail Order&Direct",
"267","DEEPAKNTR","Deepak Nitrite","1644.40","-13.80","-0.83","48","44","57","B+","44","Chemicals-Specialty     ",
"268","MAXHEALTH","Max Healthcare Institute","1094.75","4.30","0.39","59","78","57","C+","56","Medical-Hospitals       ",
"269","HAL","Hindustan Aeronautics","4408.10","-3.40","-0.08","55","79","57","B-","63","Aerospace/Defense       ",
"270","LICHSGFIN","Lic Housing Finance(Nse)","549.90","-0.25","-0.05","53","69","57","B-","111","Finance-Consumer Loans  ",
"271","TVSMOTOR","T V S Motor","3442.90","-14.70","-0.43","59","90","57","B-","138","Auto Manufacturers      ",
"272","MFSL","Max Financial Services Ltd","1669.30","-18.90","-1.12","49","16","57","B","158","Insurance-Life          ",
"273","TARIL","Transformers And Rtf. (India)","357.55","32.70","10.07","53","84","55","A+","11","Electrical-Power/Equipmt",
"274","TATAPOWER","Tata Power","402.35","-0.55","-0.14","57","57","55","B+","23","Utility-Electric Power  ",
"275","POWERGRID","Power Grid Corp.Of India","292.25","3.55","1.23","56","56","55","D","23","Utility-Electric Power  ",
"276","APLAPOLLO","Apl Apollo Tubes","1871.60","10.70","0.57","59","78","55","C","33","Steel-Producers         ",
"277","ATUL","Atul (Nse)","6482.00","-18.00","-0.28","62","68","55","B-","44","Chemicals-Specialty     ",
"278","ASAHIINDIA","Asahi India Glass","846.35","-14.95","-1.74","49","54","55","B-","49","Auto/Truck-Original Eqp ",
"279","ALKEM","Alkem Laboratories","5373.50","1.50","0.03","48","47","55","B-","67","Medical-Diversified     ",
"280","LGEINDIA","Lg Electronics India Ltd","1647.80","40.20","2.50","63","62","55","A-","78","Consumer Prod-Electronic",
"281","PRESTIGE","Prestige Estates Prjs.","1497.30","-30.40","-1.99","60","82","55","B+","82","Real Estate Dvlpmt/Ops  ",
"282","ACE","Action Construction Equ.","975.65","-0.80","-0.08","53","77","55","B+","95","Machinery-Constr/Mining ",
"283","TEGA","Tega Industries","1794.90","-24.80","-1.36","46","33","55","B+","95","Machinery-Constr/Mining ",
"284","CHAMBLFERT","Chambal Fert.&Chems.","484.20","2.15","0.45","54","59","55","B+","128","Chemicals-Agricultural  ",
"285","HINDPETRO","Hindustan Ptl. (Nse)","392.10","-9.50","-2.37","62","57","55","B","129","Oil&Gas-Refining/Mktg   ",
"286","FORCEMOT","Force Motors","18637.00","-25.00","-0.13","48","92","55","B-","138","Auto Manufacturers      ",
"287","INDIACEM","India Cements (Nse)","374.85","-8.85","-2.31","59","38","55","C-","140","Bldg-Cement/Concrt/Ag   ",
"288","COFORGE","Coforge","1463.30","-19.70","-1.33","60","86","55","B+","177","Computer-Tech Services  ",
"289","INDUSTOWER","Indus Towers","411.20","-3.10","-0.75","57","41","53","D-","38","Telecom-Infrastructure  ",
"290","PCBL","PCBL Chemical Limited","309.50","3.25","1.06","44","19","53","A+","44","Chemicals-Specialty     ",
"291","PAYTM","One 97 Communications","1090.10","-3.80","-0.35","67","62","53","D+","47","Financial Svcs-Specialty",
"292","TATACONSUM","Tata Consumer Products","1111.50","0.10","0.01","57","79","53","C+","65","Beverages-Non-Alcoholic ",
"293","SOBHA","Sobha","1418.90","-8.00","-0.56","62","48","53","B","82","Real Estate Dvlpmt/Ops  ",
"294","ICICIBANK","Icici Bank","1346.50","4.20","0.31","52","73","53","B","121","Banks-Money Center      ",
"295","SUMICHEM","Sumitomo Chemical India","452.70","0.35","0.08","47","54","53","A-","128","Chemicals-Agricultural  ",
"296","AIIL","Authum Invs & Infra","543.80","-7.75","-1.41","43","41","53","B-","134","Finance-Invest Bnk/Bkrs ",
"297","TMPV","Tata Motors Passenger Vehicles Ltd","359.50","-5.15","-1.41","44","50","53","B-","138","Auto Manufacturers      ",
"298","JSWCEMENT","Jsw Cement Ltd","128.66","-2.06","-1.58","58","62","53","B-","140","Bldg-Cement/Concrt/Ag   ",
"299","ETERNAL","Eternal Limited","264.30","5.75","2.22","61","73","53","B+","154","Retail-Internet         ",
"300","RECLTD","REC","355.35","-3.35","-0.93","54","56","52","B-","47","Financial Svcs-Specialty",
"301","JAINREC","Jain Resource Recycling Ltd","376.80","5.65","1.52","44","93","52","B","50","Steel-Specialty Alloys  ",
"302","ASTRAL","Astral","1542.10","-23.60","-1.51","55","54","52","B","62","Bldg-Constr Prds/Misc   ",
"303","ANANTRAJ","Anant Raj","520.20","-8.55","-1.62","55","92","52","B","82","Real Estate Dvlpmt/Ops  ",
"304","IRB","Irb Infrastructure Developers","21.44","0.02","0.09","43","66","52","B-","91","Bldg-Heavy Construction ",
"305","MUTHOOTFIN","Muthoot Finance","3126.10","-56.30","-1.77","62","90","52","C-","111","Finance-Consumer Loans  ",
"306","POONAWALLA","Poonawalla Fincorp","426.70","22.20","5.49","66","77","52","A-","111","Finance-Consumer Loans  ",
"307","GICRE","General Insurance Corp Of India","368.70","11.60","3.25","50","72","52","B","114","Insurance-Prop/Cas/Titl ",
"308","VOLTAS","Voltas (Nse)","1343.40","-14.20","-1.05","48","22","52","B-","120","Hsehold-Appliances/Wares",
"309","CROMPTON","Crmptn.Greaves Csm.Elec","275.25","-1.85","-0.67","42","12","52","A+","120","Hsehold-Appliances/Wares",
"310","UCOBANK","Uco Bank (Nse)","27.58","-0.41","-1.46","38","83","52","B","121","Banks-Money Center      ",
"311","KOTAKBANK","Kotak Mahindra Bank(Nse)","399.25","-3.70","-0.92","52","68","52","C+","121","Banks-Money Center      ",
"312","FACT","Fert.& Chems.Travancore","884.85","-68.60","-7.19","39","8","52","B","128","Chemicals-Agricultural  ",
"313","MRPL","Mngl.Ref.& Petrochem.","154.19","-4.88","-3.07","39","32","52","A","129","Oil&Gas-Refining/Mktg   ",
"314","ICICIGI","Icici Lombard General Ins Co","1870.10","31.10","1.69","49","65","52","B-","130","Insurance-Brokers       ",
"315","JKCEMENT","Jk Cement","5503.50","-36.50","-0.66","45","47","52","B+","140","Bldg-Cement/Concrt/Ag   ",
"316","ERIS","Eris Lifesciences","1448.40","17.80","1.24","56","81","49","B","46","Medical-Biomed/Biotech  ",
"317","JUBLINGREA","Jubilant Ingrevia","637.65","-8.35","-1.29","52","36","49","C-","57","Diversified Operations  ",
"318","WAAREEENER","Waaree Energies Ltd","3125.40","59.50","1.94","65","98","49","B+","58","Energy-Solar            ",
"319","JUBLPHARMA","Jubilant Pharmova","966.35","-7.10","-0.73","40","15","49","B","67","Medical-Diversified     ",
"320","SBFC","Sbfc Finance Ltd","95.40","3.45","3.75","51","92","49","A","84","Finance-Commercial Loans",
"321","ONGC","Oil & Natural Gas","246.25","0.95","0.39","58","71","49","C-","92","Oil&Gas-Intl Expl&Prod  ",
"322","HDBFS","Hdb Financial Services Ltd","717.40","21.95","3.16","55","86","49","B+","111","Finance-Consumer Loans  ",
"323","DIXON","Dixon Technologies (India)","12517.00","-149.00","-1.18","52","86","49","A","120","Hsehold-Appliances/Wares",
"324","BHARTIARTL","Bharti Airtel","1910.80","36.00","1.92","47","60","49","B-","123","Telecom Svcs-Wireless   ",
"325","ULTRACEMCO","Ultratech Cement","11367.00","-63.00","-0.55","54","65","49","D-","140","Bldg-Cement/Concrt/Ag   ",
"326","JKTYRE","J K Tyre & Inds.","401.30","4.05","1.02","61","87","49","B+","147","Auto/Truck-Tires & Misc ",
"327","SRF","SRF Ltd (Nse)","2709.80","6.80","0.25","52","56","47","B-","44","Chemicals-Specialty     ",
"328","CONCORDBIO","Concord Biotech Ltd","1315.10","-32.40","-2.40","48","45","47","A","46","Medical-Biomed/Biotech  ",
"329","CDSL","Central Depository Services (India)","1370.30","19.90","1.47","48","57","47","B+","47","Financial Svcs-Specialty",
"330","RAILTEL","Railtel Corporation Of India","319.40","-3.30","-1.02","46","71","47","A+","64","Telecom Svcs-Integrated ",
"331","DRREDDY","Dr. Reddy's Laboratories","1272.10","4.60","0.36","53","46","47","B","67","Medical-Diversified     ",
"332","PGEL","Pg Electroplast","560.50","-3.75","-0.66","51","73","47","A","76","Chemicals-Plastics      ",
"333","BEML","Beml","1749.30","-24.10","-1.36","44","42","47","C+","95","Machinery-Constr/Mining ",
"334","HINDUNILVR","Hindustan Unilever","2194.60","-23.90","-1.08","47","79","47","B-","118","Cosmetics/Personal Care ",
"335","IOB","Indian Overseas Bank","35.09","-0.14","-0.40","43","94","47","B-","121","Banks-Money Center      ",
"336","IDBI","Idbi Bank","82.98","-1.64","-1.94","42","79","47","B-","121","Banks-Money Center      ",
"337","PARADEEP","Paradeep Phosphates","136.22","1.97","1.47","44","37","47","A","128","Chemicals-Agricultural  ",
"338","BPCL","Bharat Petroleum","306.60","-9.70","-3.07","53","73","47","C+","129","Oil&Gas-Refining/Mktg   ",
"339","POLYMED","Poly Medicure","1563.30","-9.90","-0.63","40","55","47","B+","131","Medical-Systems/Equip   ",
"340","BALKRISIND","Balkrishna Industries","2243.70","9.50","0.43","42","40","47","B-","147","Auto/Truck-Tires & Misc ",
"341","SONATSOFTW","Sonata Software","297.40","-11.60","-3.75","48","56","47","C+","177","Computer-Tech Services  ",
"342","UNOMINDA","UNO Minda","1115.60","17.70","1.61","54","88","45","B","49","Auto/Truck-Original Eqp ",
"343","ARE&M","Amara Raja Energy & Mob Ltd","844.65","-7.05","-0.83","55","65","45","B+","49","Auto/Truck-Original Eqp ",
"344","NATCOPHARM","Natco Pharma","889.00","5.50","0.62","46","72","45","C-","67","Medical-Diversified     ",
"345","MAZDOCK","Mazagon Dock Shipbuilders","2518.70","-15.20","-0.60","58","93","45","B-","69","Transportation-Equip Mfg",
"346","TRIDENT","Trident","25.93","-0.04","-0.15","30","25","45","B","71","Apparel-Clothing Mfg    ",
"347","VMM","Vishal Mega Mart Ltd","118.66","0.79","0.67","53","90","45","B-","83","Retail-Super/Mini Mkts  ",
"348","UNITDSPR","United Spirits","1320.50","-29.80","-2.21","51","83","45","B+","117","Beverages-Alcoholic     ",
"349","PNB","Punjab National Bank","108.77","-0.81","-0.74","47","84","45","C-","121","Banks-Money Center      ",
"350","IOC","Indian Oil Corporation","143.43","-2.68","-1.83","63","81","45","B","129","Oil&Gas-Refining/Mktg   ",
"351","MARUTI","Maruti Suzuki India","13395.00","-89.00","-0.66","47","74","45","B-","138","Auto Manufacturers      ",
"352","TATACHEM","Tata Chemicals","729.15","-3.50","-0.48","41","2","43","A","44","Chemicals-Specialty     ",
"353","CIPLA","Cipla","1351.80","-3.70","-0.27","42","42","43","C-","60","Medical-Generic Drugs   ",
"354","TTML","Tata Tele Svs. (Nse) Maharastra","44.19","-0.70","-1.56","45","51","43","A","64","Telecom Svcs-Integrated ",
"355","PPLPHARMA","Piramal Pharma","158.90","-1.30","-0.81","42","5","43","B","67","Medical-Diversified     ",
"356","BAJAJHLDNG","Bajaj Holdings & Invs.","10677.00","1.00","0.01","53","93","43","B","68","Finance-Investment Mgmt ",
"357","ONESOURCE","Onesource Specialty Pharma Ltd","1608.60","-42.60","-2.58","47","11","43","B","98","Medical-Whlsle Drg/Suppl",
"358","POLICYBZR","Pb Fintech","1636.70","19.00","1.17","60","59","43","C-","105","Insurance-Diversified   ",
"359","M&MFIN","Maha.& Maha.Finl.Svs.","294.10","-1.95","-0.66","57","68","43","B+","111","Finance-Consumer Loans  ",
"360","CHALET","Chalet Hotels","802.35","25.70","3.31","47","89","43","A+","126","Leisure-Lodging         ",
"361","CASTROLIND","Castrol India","185.80","1.23","0.67","42","52","43","C+","129","Oil&Gas-Refining/Mktg   ",
"362","BLUESTARCO","Blue Star","1668.30","-38.00","-2.23","50","77","43","C-","133","Bldg-A/C & Heating Prds ",
"363","HEROMOTOCO","Hero Motocorp","4974.90","-46.70","-0.93","50","79","43","B-","138","Auto Manufacturers      ",
"364","SHREECEM","Shree Cement","25075.00","-335.00","-1.32","42","45","43","D","140","Bldg-Cement/Concrt/Ag   ",
"365","URBANCO","Urban Co. Ltd","130.15","-1.19","-0.91","30","2","43","C","144","Comml Svcs-Outsourcing  ",
"366","CEATLTD","Ceat","3450.00","-36.70","-1.05","59","90","43","B+","147","Auto/Truck-Tires & Misc ",
"367","NHPC","Nhpc","75.82","-0.12","-0.16","56","61","41","B","21","Energy-Alternative/Other",
"368","NTPCGREEN","Ntpc Green Energy Ltd","96.04","0.20","0.21","44","14","41","B","21","Energy-Alternative/Other",
"369","JSL","Jindal Stainless","696.70","-10.30","-1.46","52","73","41","D-","33","Steel-Producers         ",
"370","JWL","Jupiter Wagons","277.30","-2.20","-0.79","42","49","41","B+","49","Auto/Truck-Original Eqp ",
"371","BDL","Bharat Dynamics","1373.40","61.60","4.70","43","34","41","B+","63","Aerospace/Defense       ",
"372","GODREJPROP","Godrej Properties","1795.90","-14.30","-0.79","60","91","41","B","82","Real Estate Dvlpmt/Ops  ",
"373","DLF","Dlf (Nse)","624.50","-16.20","-2.53","49","79","41","A-","82","Real Estate Dvlpmt/Ops  ",
"374","OIL","Oil India","418.15","-2.45","-0.58","58","61","41","C-","92","Oil&Gas-Intl Expl&Prod  ",
"375","BIKAJI","Bikaji Foods International","660.20","0.35","0.05","46","90","41","B","102","Food-Packaged           ",
"376","SUNDARMFIN","Sundaram Finance","4475.50","65.90","1.49","43","68","41","C+","111","Finance-Consumer Loans  ",
"377","COLPAL","Colgate-Palmolive India","1997.80","-29.50","-1.46","43","52","41","D-","118","Cosmetics/Personal Care ",
"378","RITES","Rites","213.32","1.14","0.54","42","44","41","B","144","Comml Svcs-Outsourcing  ",
"379","SBILIFE","Sbi Life Insurance Co","1800.20","-7.40","-0.41","46","61","41","E","158","Insurance-Life          ",
"380","PVRINOX","Pvr Inox","948.90","-7.80","-0.82","60","67","38","C+","72","Leisure-Movies & Related",
"381","CONCOR","Container Corp.Of India","471.75","4.60","0.98","46","50","38","C+","75","Transportation-Logistics",
"382","CHOLAHLDNG","Cholamandalam Financial Holdings","1583.90","-5.40","-0.34","44","85","38","C","111","Finance-Consumer Loans  ",
"383","EIHOTEL","Eih","321.85","5.35","1.69","36","71","38","A-","126","Leisure-Lodging         ",
"384","ITCHOTELS","Itc Hotels Ltd","170.92","9.79","6.08","43","58","38","B+","126","Leisure-Lodging         ",
"385","COROMANDEL","Coromandel International","2015.20","-53.00","-2.56","43","39","38","B-","128","Chemicals-Agricultural  ",
"386","BAJAJFINSV","Bajaj Finserv","1769.40","-2.30","-0.13","39","68","38","B","130","Insurance-Brokers       ",
"387","IREDA","Indian Renewable Energy Development Agency Ltd","127.15","-0.81","-0.63","42","51","38","B-","134","Finance-Invest Bnk/Bkrs ",
"388","M&M","Mahindra & Mahindra","3074.80","-61.70","-1.97","50","89","38","B","138","Auto Manufacturers      ",
"389","APOLLOTYRE","Apollo Tyres (Nse)","425.50","-2.50","-0.58","59","89","38","A","147","Auto/Truck-Tires & Misc ",
"390","INDIAMART","Indiamart Intermesh","2089.40","-48.30","-2.26","42","57","38","C","154","Retail-Internet         ",
"391","DCMSHRIRAM","Dcm Shriram Cons. (Nse)","1053.70","13.80","1.33","53","52","36","D+","44","Chemicals-Specialty     ",
"392","LTFOODS","L T Foods","383.00","-3.45","-0.89","48","66","36","B-","73","Food-Misc Preparation   ",
"393","NCC","Ncc","155.84","0.86","0.55","43","48","36","B-","91","Bldg-Heavy Construction ",
"394","NUVOCO","Nuvoco Vistas Corporation","312.75","0.80","0.26","49","34","36","A-","140","Bldg-Cement/Concrt/Ag   ",
"395","MRF","Mrf","128645.00","-1440.00","-1.11","58","86","36","D+","147","Auto/Truck-Tires & Misc ",
"396","DOMS","Doms Industries Ltd","2274.10","-63.20","-2.70","49","87","36","B","165","Consumer Prod-Specialty ",
"397","TECHM","Tech Mahindra","1409.60","-38.10","-2.63","48","49","36","B-","177","Computer-Tech Services  ",
"398","SJVN","Satluj Jal Vidyut Nigam","72.88","-1.33","-1.79","43","49","35","B-","21","Energy-Alternative/Other",
"399","IEX","Indian Energy Exchange","122.78","-0.78","-0.63","46","71","35","C-","47","Financial Svcs-Specialty",
"400","IGL","Indraprastha Gas","167.60","-2.39","-1.41","43","51","35","A","59","Utility-Gas Distribution",
"401","ABBOTINDIA","Abbott India","26215.00","70.00","0.27","44","72","35","B-","67","Medical-Diversified     ",
"402","BAJAJHFL","Bajaj Housing Finance Ltd","88.36","2.49","2.90","45","86","35","A","125","Finance-Mrtg&Rel Svc    ",
"403","UPL","UPL","608.65","-2.15","-0.35","45","24","35","D-","128","Chemicals-Agricultural  ",
"404","AFFLE","Affle 3l Ltd","1463.70","-25.70","-1.73","46","82","35","A-","135","Comml Svcs-Advertising  ",
"405","SAGILITY","Sagility Limited","39.49","-0.34","-0.85","36","95","35","B-","144","Comml Svcs-Outsourcing  ",
"406","MSUMI","Motherson Sumi Wiring India","38.03","0.28","0.74","30","50","35","B-","146","Auto/Truck-Replace Parts",
"407","GODFRYPHLP","Godfrey Phillips India","2271.00","-0.20","-0.01","57","90","35","A-","167","Tobacco                 ",
"408","JMFINANCIL","J M Financial (Nse)","126.32","1.01","0.81","46","50","32","B+","68","Finance-Investment Mgmt ",
"409","COCHINSHIP","Cochin Shipyard","1458.00","-11.60","-0.79","39","44","32","B","69","Transportation-Equip Mfg",
"410","BLUEDART","Blue Dart Express","4968.80","98.40","2.02","43","33","32","B-","75","Transportation-Logistics",
"411","IRCON","Ircon International Limited","137.19","-1.99","-1.43","45","52","32","A-","91","Bldg-Heavy Construction ",
"412","CENTRALBK","Central Bank Of India","32.84","-0.26","-0.79","29","82","32","B-","121","Banks-Money Center      ",
"413","HYUNDAI","Hyundai Motor India Ltd","1973.20","-3.40","-0.17","42","60","32","B+","138","Auto Manufacturers      ",
"414","CRISIL","Crisil","4132.00","10.60","0.26","47","84","32","B","157","Comml Svcs-Market Rsrch ",
"415","MPHASIS","Mphasis (Nse)","2267.50","-69.10","-2.96","45","58","32","B-","177","Computer-Tech Services  ",
"416","PFIZER","Pfizer (Nse)","4533.70","-5.60","-0.12","38","47","30","B-","67","Medical-Diversified     ",
"417","IRFC","Indian Railway Finance Corporation","99.51","-0.62","-0.62","43","55","30","B-","68","Finance-Investment Mgmt ",
"418","BBTC","The Bombay Burmah Trading","1537.60","10.20","0.67","47","35","30","B","73","Food-Misc Preparation   ",
"419","LODHA","Lodha Developers Limited","918.15","-5.85","-0.63","48","76","30","A","82","Real Estate Dvlpmt/Ops  ",
"420","BRIGADE","Brigade Enterprises(Nse)","545.45","-9.15","-1.65","42","61","30","B-","82","Real Estate Dvlpmt/Ops  ",
"421","GODIGIT","Go Digit General Insurance Ltd","305.95","4.70","1.56","45","93","30","B+","105","Insurance-Diversified   ",
"422","SUNTV","Sun Tv Network (Nse)","520.85","-1.05","-0.20","53","74","30","B-","108","Media-Radio/Tv          ",
"423","GILLETTE","Gillette India (Nse)","7828.50","-11.50","-0.15","44","68","30","A-","118","Cosmetics/Personal Care ",
"424","DABUR","Dabur India","423.50","-5.20","-1.21","44","56","30","B-","118","Cosmetics/Personal Care ",
"425","BLS","Bls International Ser.","267.45","0.60","0.22","48","94","30","B","144","Comml Svcs-Outsourcing  ",
"426","DEVYANI","Devyani International","116.91","1.63","1.41","39","14","30","A-","152","Retail-Restaurants      ",
"427","BRITANNIA","Britannia Inds.","5195.00","-50.00","-0.95","46","71","30","E","155","Food-Grain & Related    ",
"428","RELIANCE","Reliance Industries","1309.50","-18.60","-1.40","39","51","30","D","160","Oil&Gas-Integrated      ",
"429","PERSISTENT","Persistent Systems","4829.00","-111.50","-2.26","46","87","30","D+","177","Computer-Tech Services  ",
"430","RHIM","Rhi Magnesita India","381.95","11.10","2.99","41","19","28","C+","62","Bldg-Constr Prds/Misc   ",
"431","GLAXO","Glaxosmithkline Pharms.","2332.00","65.80","2.90","45","52","28","B","67","Medical-Diversified     ",
"432","SUPREMEIND","Supreme Industries","3525.50","1.00","0.03","55","56","28","C+","76","Chemicals-Plastics      ",
"433","TECHNOE","Techno Elec.& Engr.Co.","1079.30","7.10","0.66","46","68","28","C+","91","Bldg-Heavy Construction ",
"434","AFCONS","Afcons Infrastructure Ltd","313.45","-5.70","-1.79","38","26","28","B","91","Bldg-Heavy Construction ",
"435","GODREJCP","Godrej Csm.Products(Nse)","1000.60","-8.60","-0.85","45","27","28","D-","118","Cosmetics/Personal Care ",
"436","JIOFIN","Jio Financial Services Ltd","244.45","0.35","0.14","40","70","28","C+","134","Finance-Invest Bnk/Bkrs ",
"437","RAMCOCEM","The Ramco Cements","885.30","-5.05","-0.57","49","75","28","C-","140","Bldg-Cement/Concrt/Ag   ",
"438","INTELLECT","Intellect Design Arena","746.70","-10.60","-1.40","44","36","26","B+","47","Financial Svcs-Specialty",
"439","HDFCBANK","Hdfc Bank","779.80","-19.20","-2.40","40","66","26","D-","121","Banks-Money Center      ",
"440","BHARTIHEXA","Bharti Hexacom Ltd","1494.50","56.70","3.94","41","66","26","B","162","Telecom Svcs-Cable/Satl ",
"441","CLEAN","Clean Science And Technology","782.15","0.45","0.06","42","40","24","A+","44","Chemicals-Specialty     ",
"442","COHANCE","Cohance Lifesciences Ltd","405.85","-7.95","-1.92","33","18","24","B","60","Medical-Generic Drugs   ",
"443","KFINTECH","Kfin Technologies","915.35","8.50","0.94","45","70","24","A-","68","Finance-Investment Mgmt ",
"444","LEMONTREE","Lemon Tree Hotels","113.04","1.18","1.05","40","77","24","B","126","Leisure-Lodging         ",
"445","BAYERCROP","Bayer Cropscience","4269.50","0.80","0.02","40","70","24","D+","128","Chemicals-Agricultural  ",
"446","SAPPHIRE","Sapphire Foods India","187.87","3.05","1.65","34","6","24","B+","152","Retail-Restaurants      ",
"447","LTTS","L&T Technology Services","3331.20","-76.60","-2.25","41","55","24","B-","177","Computer-Tech Services  ",
"448","ABFRL","Aditya Fash.& Retail","60.64","-0.90","-1.46","31","1","23","A-","45","Retail-Department Stores",
"449","UTIAMC","Uti Asset Management Company","950.25","-7.75","-0.81","38","30","23","B-","68","Finance-Investment Mgmt ",
"450","KALYANKJIL","Kalyan Jewellers India","383.50","0.55","0.14","55","97","23","B","77","Retail/Whlsle-Jewelry   ",
"451","EMAMILTD","Emami","413.50","13.15","3.28","38","53","23","B-","118","Cosmetics/Personal Care ",
"452","AMBUJACEM","Ambuja Cements","423.95","-6.05","-1.41","50","53","23","C-","140","Bldg-Cement/Concrt/Ag   ",
"453","LATENTVIEW","Latent View Analytics","299.15","-10.15","-3.28","40","65","23","B+","177","Computer-Tech Services  ",
"454","BATAINDIA","Bata India","747.70","-42.20","-5.34","41","40","21","C+","127","Apparel-Shoes & Rel Mfg ",
"455","DALBHARAT","Dalmia Bharat","1717.20","-8.50","-0.49","43","53","21","B-","140","Bldg-Cement/Concrt/Ag   ",
"456","FSL","Firstsource Solutions","244.70","4.70","1.96","39","59","21","B","144","Comml Svcs-Outsourcing  ",
"457","ESCORTS","Escorts Kubota","2821.20","11.50","0.41","45","62","21","D","169","Machinery-Farm          ",
"458","JYOTICNC","Jyoti Cnc Automation Ltd","737.95","37.30","5.32","50","24","19","A","18","Machinery-Gen Industrial",
"459","ABLBL","Aditya Birla Lifestyle Brands Ltd","97.18","-2.13","-2.14","52","81","19","D+","71","Apparel-Clothing Mfg    ",
"460","PIIND","Pi Industries","2803.60","-42.40","-1.49","37","48","19","B","128","Chemicals-Agricultural  ",
"461","ICICIPRULI","Icici Prudential Life Insurance","500.30","-21.80","-4.18","54","87","19","C+","158","Insurance-Life          ",
"462","HDFCLIFE","Hdfc Life Insurance Co","591.85","0.55","0.09","41","54","19","C","158","Insurance-Life          ",
"463","BSOFT","Birlasoft","326.40","1.25","0.38","43","66","19","B","177","Computer-Tech Services  ",
"464","HAVELLS","Havell's India","1176.30","-18.10","-1.52","60","71","18","C-","11","Electrical-Power/Equipmt",
"465","ABREL","Aditya Birla Real Estate Ltd","1279.50","-40.10","-3.04","48","26","18","C+","124","Finance-Property Reit   ",
"466","SIGNATURE","Signatureglobal (India) Ltd","798.80","7.40","0.94","50","37","18","B+","136","Bldg-Resident/Comml     ",
"467","ACC","Acc","1343.30","-15.60","-1.15","34","33","18","E","140","Bldg-Cement/Concrt/Ag   ",
"468","IRCTC","Indian Railway Catering And Tourism Corp","519.60","-4.40","-0.84","41","73","18","B","149","Leisure-Travel Booking  ",
"469","SYNGENE","Syngene Inter","440.75","0.45","0.10","36","31","18","B+","153","Medical-Research Eqp/Svc",
"470","HEXT","Hexaware Technologies Ltd","499.60","6.60","1.34","41","56","18","B","177","Computer-Tech Services  ",
"471","CYIENT","Cyient Ltd (Nse)","859.05","-14.40","-1.65","35","35","18","B","177","Computer-Tech Services  ",
"472","SWANCORP","Swan Corp Ltd","318.25","-0.70","-0.22","53","29","16","B","71","Apparel-Clothing Mfg    ",
"473","AWL","Awl Agri Business Limited","184.31","-8.12","-4.22","42","33","16","B-","102","Food-Packaged           ",
"474","ITC","ITC","292.50","1.35","0.46","33","46","16","E","167","Tobacco                 ",
"475","NAUKRI","Info Edge (India) (Nse)","984.25","-22.55","-2.24","44","43","16","D","168","Internet-Content        ",
"476","INOXWIND","Inox Wind","90.72","1.39","1.56","41","15","14","A","21","Energy-Alternative/Other",
"477","ECLERX","Eclerx Services","1418.70","-29.40","-2.03","44","84","14","B","157","Comml Svcs-Market Rsrch ",
"478","KPITTECH","Kpit Technologies Limited","760.05","14.10","1.89","37","58","14","B","177","Computer-Tech Services  ",
"479","TATAELXSI","Tata Elxsi (Nse)","4065.50","-50.50","-1.23","44","53","13","D-","66","Computer Sftwr-Desktop  ",
"480","PATANJALI","Patanjali Foods","421.70","-2.50","-0.59","56","83","13","D-","73","Food-Misc Preparation   ",
"481","UBL","United Breweries","1341.90","0.60","0.04","40","69","13","B","117","Beverages-Alcoholic     ",
"482","RPOWER","Reliance Power","26.10","-0.56","-2.10","26","10","12","B+","23","Utility-Electric Power  ",
"483","KEC","Kec International","541.45","15.65","2.98","41","40","12","A","91","Bldg-Heavy Construction ",
"484","WHIRLPOOL","Whirlpool Of India (Nse)","794.95","-12.55","-1.55","37","23","12","A-","120","Hsehold-Appliances/Wares",
"485","WIPRO","Wipro (Nse)","180.80","-2.04","-1.12","36","48","12","D-","177","Computer-Tech Services  ",
"486","RVNL","Rail Vikas Nigam","243.99","-3.59","-1.45","35","38","11","B-","91","Bldg-Heavy Construction ",
"487","EIDPARRY","Eid Parry (India) (Nse)","704.10","-17.30","-2.40","35","40","11","E","102","Food-Packaged           ",
"488","JUBLFOOD","Jubilant Foodworks","419.00","-3.95","-0.93","53","71","10","B-","152","Retail-Restaurants      ",
"489","SBICARD","Sbi Cards And Payment Services","616.90","-8.05","-1.29","41","73","10","C-","175","Finance-Crdtcard/Pmtpr  ",
"490","LTM","LTM Ltd","3832.50","-165.50","-4.14","42","59","9","D+","177","Computer-Tech Services  ",
"491","HCLTECH","Hcl Technologies (Nse)","1131.70","-30.10","-2.59","40","54","9","C-","177","Computer-Tech Services  ",
"492","FIRSTCRY","Brainbees Solutions Ltd","215.75","-3.33","-1.52","49","23","7","B-","165","Consumer Prod-Specialty ",
"493","PINELABS","Pine Labs Ltd","152.31","2.48","1.66","31","10","7","B-","175","Finance-Crdtcard/Pmtpr  ",
"494","INFY","Infosys","1051.40","-76.10","-6.75","41","66","7","C-","177","Computer-Tech Services  ",
"495","TCS","Tata Consultancy Svs.","2125.00","-78.30","-3.55","40","56","7","E","177","Computer-Tech Services  ",
"496","NEWGEN","Newgen Software Techs","481.95","-6.00","-1.23","33","56","7","B-","179","Comp Sftwr-Spec Enterprs",
"497","KAYNES","Kaynes Technology India","3253.10","-132.40","-3.91","35","79","6","B-","5","Elec-Misc Products      ",
"498","SWIGGY","Swiggy Ltd","254.05","-1.90","-0.74","39","21","6","B-","154","Retail-Internet         ",
"499","MAPMYINDIA","C.E. Info Systems","889.35","-1.30","-0.15","35","52","6","B-","179","Comp Sftwr-Spec Enterprs",
"500","ZENSARTECH","Zensar Technologies","447.95","-14.80","-3.20","40","80","3","E","177","Computer-Tech Services  ",
